Workbook

Sheet READ ME FIRST
A1: Cornerstone I Practice — Food & Macro Tracker
A3: What this is | B3: Four drills that build the exact machine the cornerstone asks you to build. Nothing here is graded; this is where you break the lookup cheaply so it does not break on presentation day.
A4: The two moves | B4: Almost everything in this project is one of two moves: LOOK a food up in the reference table (VLOOKUP), or AGGREGATE a column of the log (SUMIF / AVERAGEIF). Learn both here and the cornerstone is just a bigger version of the same file.
A5: Type it and it lies | B5: If you type a result into a cell, you drew a picture of a model instead of building one. Change a serving; if nothing moves, that number was typed.
A6: When you are done | B6: You should be able to answer: why does a VLOOKUP fail with #N/A, and what are the two honest fixes?

Sheet Food Table
A1: Food | B1: Serving | C1: Calories | D1: Protein (g) | E1: Carbs (g) | F1: Fat (g) | G1: Source
A2: Egg, large | B2: 1 egg | C2: 72 | D2: 6.3 | E2: 0.4 | F2: 4.8 | G2: USDA FoodData Central | I2: SOURCE KEY — colour = where the number came from
A3: White rice, cooked | B3: 1 cup | C3: 205 | D3: 4.3 | E3: 44.5 | F3: 0.4 | G3: USDA FoodData Central | I3: MyFitnessPal
A4: Chicken breast, grilled | B4: 100 g | C4: 165 | D4: 31 | E4: 0 | F4: 3.6 | G4: USDA FoodData Central | I4: USDA FoodData Central
A5: Black beans, cooked | B5: 1 cup | C5: 227 | D5: 15.2 | E5: 40.8 | F5: 0.9 | G5: USDA FoodData Central | I5: Open Food Facts
A6: Cafecito con azucar (Cuban coffee, sweet) | B6: 1 cup (8 oz) | C6: 40 | D6: 0.5 | E6: 8 | F6: 1 | G6: MyFitnessPal | I6: Manufacturer label
A7: Plantain, fried (maduros) | B7: 1 cup | C7: 250 | D7: 1.4 | E7: 47 | F7: 8.6 | G7: Restaurant nutrition | I7: Restaurant nutrition
A8: Ropa vieja (shredded beef) | B8: 1 cup | C8: 285 | D8: 26 | E8: 8 | F8: 17 | G8: Restaurant nutrition | I8: Estimate / other
A9: Yuca con mojo | B9: 1 cup | C9: 220 | D9: 1.6 | E9: 52 | F9: 0.3 | G9: Restaurant nutrition
A10: Avocado | B10: 1/2 fruit | C10: 160 | D10: 2 | E10: 8.5 | F10: 14.7 | G10: USDA FoodData Central | I10: Rows 17-20 are left empty on purpose. Adding a food there — not typing it into the log — is how the whole workbook grows.
A11: Croqueta (ham) | B11: 1 piece | C11: 130 | D11: 4 | E11: 10 | F11: 8 | G11: Open Food Facts
A12: Whole wheat bread | B12: 1 slice | C12: 81 | D12: 4 | E12: 13.8 | F12: 1.1 | G12: Manufacturer label
A13: Greek yogurt, plain | B13: 1 cup (170 g) | C13: 100 | D13: 17 | E13: 6 | F13: 0.7 | G13: Open Food Facts
A14: Banana | B14: 1 medium | C14: 105 | D14: 1.3 | E14: 27 | F14: 0.4 | G14: USDA FoodData Central
A15: Pizza slice, cheese | B15: 1 slice | C15: 285 | D15: 12.2 | E15: 35.7 | F15: 10.4 | G15: Restaurant nutrition
A16: Cafe con leche | B16: 1 cup (8 oz) | C16: 110 | D16: 5 | E16: 11 | F16: 5 | G16: Estimate / other

Sheet 1 Lookup Basics
A1: Drill 1 — Look it up, then break it on purpose
A2: The 15-food reference table lives on the 'Food Table' tab. Never retype its numbers.
A4: YOUR TURN — write a real VLOOKUP in each shaded cell
A5: Food to look up | B5: Ropa vieja (shredded beef) | C5: This exact spelling must exist in the Food Table. Case does not matter to VLOOKUP.
A6: Calories | C6: Hint: =VLOOKUP($B$5,'Food Table'!$A$2:$G$20,3,FALSE)
A7: Protein (g) | C7: Hint: =VLOOKUP($B$5,'Food Table'!$A$2:$G$20,4,FALSE)
A8: Carbs (g) | C8: Hint: =VLOOKUP($B$5,'Food Table'!$A$2:$G$20,5,FALSE)
A9: Fat (g) | C9: Hint: =VLOOKUP($B$5,'Food Table'!$A$2:$G$20,6,FALSE)
A10: Source | C10: Hint: =VLOOKUP($B$5,'Food Table'!$A$2:$G$20,7,FALSE)
A12: Notice the $ signs: $A$2:$G$20 is locked so the range does not slide when you copy the formula down. That is the single most common VLOOKUP mistake.
A14: BREAK IT
A15: A misspelled food name | B15: Ropa viejo (shredded beef) | C15: One letter off. This is the row that produces #N/A.
A16: VLOOKUP of the misspelling | C16: Point a VLOOKUP at $B$15 and watch it return #N/A.
A17: Fix it with IFERROR | C17: Hint: =IFERROR(VLOOKUP($B$15,'Food Table'!$A$2:$G$20,3,FALSE),"not in table") — the error becomes a message a human can read.

Sheet 2 SUMIF & AVERAGEIF
A1: Drill 2 — Summarise the log
A2: The log below is already wired with real VLOOKUPs against the 'Food Table' tab. Read them, then write the summary formulas yourself.
A4: DAILY LOG
A5: Date | B5: Meal | C5: Food | D5: Servings | E5: Source | F5: Calories | G5: Protein (g) | H5: Carbs (g) | I5: Fat (g) | K5: Date | L5: Total calories (SUMIF) | M5: Total protein (SUMIF) | N5: Hint: =SUMIF($A$..:$A$.., date, $F$..:$F$..)
A6: 2026-09-14 | B6: Breakfast | C6: Egg, large | D6: 2 | E6: =IFERROR(VLOOKUP($C6,'Food Table'!$A$2:$G$20,7,FALSE),"") | F6: =IFERROR(VLOOKUP($C6,'Food Table'!$A$2:$F$20,3,FALSE)*$D6,"") | G6: =IFERROR(VLOOKUP($C6,'Food Table'!$A$2:$F$20,4,FALSE)*$D6,"") | H6: =IFERROR(VLOOKUP($C6,'Food Table'!$A$2:$F$20,5,FALSE)*$D6,"") | I6: =IFERROR(VLOOKUP($C6,'Food Table'!$A$2:$F$20,6,FALSE)*$D6,"") | K6: 2026-09-14
A7: 2026-09-14 | B7: Breakfast | C7: Whole wheat bread | D7: 1 | E7: =IFERROR(VLOOKUP($C7,'Food Table'!$A$2:$G$20,7,FALSE),"") | F7: =IFERROR(VLOOKUP($C7,'Food Table'!$A$2:$F$20,3,FALSE)*$D7,"") | G7: =IFERROR(VLOOKUP($C7,'Food Table'!$A$2:$F$20,4,FALSE)*$D7,"") | H7: =IFERROR(VLOOKUP($C7,'Food Table'!$A$2:$F$20,5,FALSE)*$D7,"") | I7: =IFERROR(VLOOKUP($C7,'Food Table'!$A$2:$F$20,6,FALSE)*$D7,"") | K7: 2026-09-15
A8: 2026-09-14 | B8: Lunch | C8: Chicken breast, grilled | D8: 1 | E8: =IFERROR(VLOOKUP($C8,'Food Table'!$A$2:$G$20,7,FALSE),"") | F8: =IFERROR(VLOOKUP($C8,'Food Table'!$A$2:$F$20,3,FALSE)*$D8,"") | G8: =IFERROR(VLOOKUP($C8,'Food Table'!$A$2:$F$20,4,FALSE)*$D8,"") | H8: =IFERROR(VLOOKUP($C8,'Food Table'!$A$2:$F$20,5,FALSE)*$D8,"") | I8: =IFERROR(VLOOKUP($C8,'Food Table'!$A$2:$F$20,6,FALSE)*$D8,"") | K8: 2026-09-16
A9: 2026-09-14 | B9: Lunch | C9: White rice, cooked | D9: 1 | E9: =IFERROR(VLOOKUP($C9,'Food Table'!$A$2:$G$20,7,FALSE),"") | F9: =IFERROR(VLOOKUP($C9,'Food Table'!$A$2:$F$20,3,FALSE)*$D9,"") | G9: =IFERROR(VLOOKUP($C9,'Food Table'!$A$2:$F$20,4,FALSE)*$D9,"") | H9: =IFERROR(VLOOKUP($C9,'Food Table'!$A$2:$F$20,5,FALSE)*$D9,"") | I9: =IFERROR(VLOOKUP($C9,'Food Table'!$A$2:$F$20,6,FALSE)*$D9,"") | K9: 2026-09-17
A10: 2026-09-14 | B10: Dinner | C10: Ropa vieja (shredded beef) | D10: 1.5 | E10: =IFERROR(VLOOKUP($C10,'Food Table'!$A$2:$G$20,7,FALSE),"") | F10: =IFERROR(VLOOKUP($C10,'Food Table'!$A$2:$F$20,3,FALSE)*$D10,"") | G10: =IFERROR(VLOOKUP($C10,'Food Table'!$A$2:$F$20,4,FALSE)*$D10,"") | H10: =IFERROR(VLOOKUP($C10,'Food Table'!$A$2:$F$20,5,FALSE)*$D10,"") | I10: =IFERROR(VLOOKUP($C10,'Food Table'!$A$2:$F$20,6,FALSE)*$D10,"") | K10: 2026-09-18
A11: 2026-09-14 | B11: Snack | C11: Banana | D11: 1 | E11: =IFERROR(VLOOKUP($C11,'Food Table'!$A$2:$G$20,7,FALSE),"") | F11: =IFERROR(VLOOKUP($C11,'Food Table'!$A$2:$F$20,3,FALSE)*$D11,"") | G11: =IFERROR(VLOOKUP($C11,'Food Table'!$A$2:$F$20,4,FALSE)*$D11,"") | H11: =IFERROR(VLOOKUP($C11,'Food Table'!$A$2:$F$20,5,FALSE)*$D11,"") | I11: =IFERROR(VLOOKUP($C11,'Food Table'!$A$2:$F$20,6,FALSE)*$D11,"")
A12: 2026-09-15 | B12: Breakfast | C12: Greek yogurt, plain | D12: 1 | E12: =IFERROR(VLOOKUP($C12,'Food Table'!$A$2:$G$20,7,FALSE),"") | F12: =IFERROR(VLOOKUP($C12,'Food Table'!$A$2:$F$20,3,FALSE)*$D12,"") | G12: =IFERROR(VLOOKUP($C12,'Food Table'!$A$2:$F$20,4,FALSE)*$D12,"") | H12: =IFERROR(VLOOKUP($C12,'Food Table'!$A$2:$F$20,5,FALSE)*$D12,"") | I12: =IFERROR(VLOOKUP($C12,'Food Table'!$A$2:$F$20,6,FALSE)*$D12,"")
A13: 2026-09-15 | B13: Breakfast | C13: Banana | D13: 1 | E13: =IFERROR(VLOOKUP($C13,'Food Table'!$A$2:$G$20,7,FALSE),"") | F13: =IFERROR(VLOOKUP($C13,'Food Table'!$A$2:$F$20,3,FALSE)*$D13,"") | G13: =IFERROR(VLOOKUP($C13,'Food Table'!$A$2:$F$20,4,FALSE)*$D13,"") | H13: =IFERROR(VLOOKUP($C13,'Food Table'!$A$2:$F$20,5,FALSE)*$D13,"") | I13: =IFERROR(VLOOKUP($C13,'Food Table'!$A$2:$F$20,6,FALSE)*$D13,"")
A14: 2026-09-15 | B14: Lunch | C14: Black beans, cooked | D14: 1 | E14: =IFERROR(VLOOKUP($C14,'Food Table'!$A$2:$G$20,7,FALSE),"") | F14: =IFERROR(VLOOKUP($C14,'Food Table'!$A$2:$F$20,3,FALSE)*$D14,"") | G14: =IFERROR(VLOOKUP($C14,'Food Table'!$A$2:$F$20,4,FALSE)*$D14,"") | H14: =IFERROR(VLOOKUP($C14,'Food Table'!$A$2:$F$20,5,FALSE)*$D14,"") | I14: =IFERROR(VLOOKUP($C14,'Food Table'!$A$2:$F$20,6,FALSE)*$D14,"")
A15: 2026-09-15 | B15: Lunch | C15: White rice, cooked | D15: 1 | E15: =IFERROR(VLOOKUP($C15,'Food Table'!$A$2:$G$20,7,FALSE),"") | F15: =IFERROR(VLOOKUP($C15,'Food Table'!$A$2:$F$20,3,FALSE)*$D15,"") | G15: =IFERROR(VLOOKUP($C15,'Food Table'!$A$2:$F$20,4,FALSE)*$D15,"") | H15: =IFERROR(VLOOKUP($C15,'Food Table'!$A$2:$F$20,5,FALSE)*$D15,"") | I15: =IFERROR(VLOOKUP($C15,'Food Table'!$A$2:$F$20,6,FALSE)*$D15,"")
A16: 2026-09-15 | B16: Dinner | C16: Pizza slice, cheese | D16: 2 | E16: =IFERROR(VLOOKUP($C16,'Food Table'!$A$2:$G$20,7,FALSE),"") | F16: =IFERROR(VLOOKUP($C16,'Food Table'!$A$2:$F$20,3,FALSE)*$D16,"") | G16: =IFERROR(VLOOKUP($C16,'Food Table'!$A$2:$F$20,4,FALSE)*$D16,"") | H16: =IFERROR(VLOOKUP($C16,'Food Table'!$A$2:$F$20,5,FALSE)*$D16,"") | I16: =IFERROR(VLOOKUP($C16,'Food Table'!$A$2:$F$20,6,FALSE)*$D16,"")
A17: 2026-09-16 | B17: Breakfast | C17: Cafecito con azucar (Cuban coffee, sweet) | D17: 1 | E17: =IFERROR(VLOOKUP($C17,'Food Table'!$A$2:$G$20,7,FALSE),"") | F17: =IFERROR(VLOOKUP($C17,'Food Table'!$A$2:$F$20,3,FALSE)*$D17,"") | G17: =IFERROR(VLOOKUP($C17,'Food Table'!$A$2:$F$20,4,FALSE)*$D17,"") | H17: =IFERROR(VLOOKUP($C17,'Food Table'!$A$2:$F$20,5,FALSE)*$D17,"") | I17: =IFERROR(VLOOKUP($C17,'Food Table'!$A$2:$F$20,6,FALSE)*$D17,"")
A18: 2026-09-16 | B18: Breakfast | C18: Egg, large | D18: 2 | E18: =IFERROR(VLOOKUP($C18,'Food Table'!$A$2:$G$20,7,FALSE),"") | F18: =IFERROR(VLOOKUP($C18,'Food Table'!$A$2:$F$20,3,FALSE)*$D18,"") | G18: =IFERROR(VLOOKUP($C18,'Food Table'!$A$2:$F$20,4,FALSE)*$D18,"") | H18: =IFERROR(VLOOKUP($C18,'Food Table'!$A$2:$F$20,5,FALSE)*$D18,"") | I18: =IFERROR(VLOOKUP($C18,'Food Table'!$A$2:$F$20,6,FALSE)*$D18,"")
A19: 2026-09-16 | B19: Lunch | C19: Croqueta (ham) | D19: 2 | E19: =IFERROR(VLOOKUP($C19,'Food Table'!$A$2:$G$20,7,FALSE),"") | F19: =IFERROR(VLOOKUP($C19,'Food Table'!$A$2:$F$20,3,FALSE)*$D19,"") | G19: =IFERROR(VLOOKUP($C19,'Food Table'!$A$2:$F$20,4,FALSE)*$D19,"") | H19: =IFERROR(VLOOKUP($C19,'Food Table'!$A$2:$F$20,5,FALSE)*$D19,"") | I19: =IFERROR(VLOOKUP($C19,'Food Table'!$A$2:$F$20,6,FALSE)*$D19,"")
A20: 2026-09-16 | B20: Dinner | C20: Chicken breast, grilled | D20: 1 | E20: =IFERROR(VLOOKUP($C20,'Food Table'!$A$2:$G$20,7,FALSE),"") | F20: =IFERROR(VLOOKUP($C20,'Food Table'!$A$2:$F$20,3,FALSE)*$D20,"") | G20: =IFERROR(VLOOKUP($C20,'Food Table'!$A$2:$F$20,4,FALSE)*$D20,"") | H20: =IFERROR(VLOOKUP($C20,'Food Table'!$A$2:$F$20,5,FALSE)*$D20,"") | I20: =IFERROR(VLOOKUP($C20,'Food Table'!$A$2:$F$20,6,FALSE)*$D20,"")
A21: 2026-09-16 | B21: Dinner | C21: Yuca con mojo | D21: 1 | E21: =IFERROR(VLOOKUP($C21,'Food Table'!$A$2:$G$20,7,FALSE),"") | F21: =IFERROR(VLOOKUP($C21,'Food Table'!$A$2:$F$20,3,FALSE)*$D21,"") | G21: =IFERROR(VLOOKUP($C21,'Food Table'!$A$2:$F$20,4,FALSE)*$D21,"") | H21: =IFERROR(VLOOKUP($C21,'Food Table'!$A$2:$F$20,5,FALSE)*$D21,"") | I21: =IFERROR(VLOOKUP($C21,'Food Table'!$A$2:$F$20,6,FALSE)*$D21,"")
A22: 2026-09-17 | B22: Breakfast | C22: Cafe con leche | D22: 1 | E22: =IFERROR(VLOOKUP($C22,'Food Table'!$A$2:$G$20,7,FALSE),"") | F22: =IFERROR(VLOOKUP($C22,'Food Table'!$A$2:$F$20,3,FALSE)*$D22,"") | G22: =IFERROR(VLOOKUP($C22,'Food Table'!$A$2:$F$20,4,FALSE)*$D22,"") | H22: =IFERROR(VLOOKUP($C22,'Food Table'!$A$2:$F$20,5,FALSE)*$D22,"") | I22: =IFERROR(VLOOKUP($C22,'Food Table'!$A$2:$F$20,6,FALSE)*$D22,"")
... A30: 2026-09-18 | B30: Snack | C30: Greek yogurt, plain | D30: 1 | E30: =IFERROR(VLOOKUP($C30,'Food Table'!$A$2:$G$20,7,FALSE),"") | F30: =IFERROR(VLOOKUP($C30,'Food Table'!$A$2:$F$20,3,FALSE)*$D30,"") | G30: =IFERROR(VLOOKUP($C30,'Food Table'!$A$2:$F$20,4,FALSE)*$D30,"") | H30: =IFERROR(VLOOKUP($C30,'Food Table'!$A$2:$F$20,5,FALSE)*$D30,"") | I30: =IFERROR(VLOOKUP($C30,'Food Table'!$A$2:$F$20,6,FALSE)*$D30,"")
A32: YOUR TURN — write each formula yourself
A33: Total calories for 2026-09-14 (SUMIF) | E33: Hint: =SUMIF($A$6:$A$30,"2026-09-14",$F$6:$F$30)
A34: Total protein for 2026-09-14 (SUMIF) | E34: Hint: =SUMIF($A$6:$A$30,"2026-09-14",$G$6:$G$30)
A35: Total calories for one specific food (SUMIF) | E35: Hint: =SUMIF($C$6:$C$30,"Pizza slice, cheese",$F$6:$F$30)
A36: Average calories per day (AVERAGE of the five daily totals) | E36: Hint: =AVERAGE($K$6:$K$10)
A37: Average calories on restaurant-sourced rows (AVERAGEIF) | E37: Hint: =IFERROR(AVERAGEIF($E$6:$E$30,"Restaurant nutrition",$F$6:$F$30),"")
A39: SUMIF totals a column by a condition; AVERAGEIF averages it by a condition. The condition is usually a date, a food, or a source. Which one would you use to answer your own cornerstone question?

Sheet 3 Add A Food
A1: Drill 3 — Add a food, watch everything move
A2: Adding a food means adding a ROW to the 'Food Table' tab — never typing its macros into the log. The summary below reads that table, so it should move on its own.
A4: Downstream summary (reads 'Food Table')
A5: Foods in the table | B5: =COUNTA('Food Table'!$A$2:$A$20)
A6: Total calories — one serving of every food | B6: =SUM('Food Table'!$C$2:$C$20)
A7: Total protein across every food | B7: =SUM('Food Table'!$D$2:$D$20)
A8: Highest-calorie food | B8: =INDEX('Food Table'!$A$2:$A$20,MATCH(MAX('Food Table'!$C$2:$C$20),'Food Table'!$C$2:$C$20,0))
A10: Do it: on the 'Food Table' tab, type a new food into row 17 (try 'Oatmeal, cooked'). Do NOT touch the summary formulas. Did all four numbers change?
A11: Then go to '2 SUMIF & AVERAGEIF' and use the Food-column dropdown. Your new food will not appear until you extend the dropdown range from $A$2:$A$16 to $A$2:$A$20.
A13: Record your proof
A14: Foods in the table — BEFORE
A15: Foods in the table — AFTER
A16: Why did it change without editing a formula?

Sheet 4 Hard-Coded Hunt
A1: Drill 4 — Find the one typed-in cell
A2: This day's model is almost entirely formulas. Exactly ONE cell was typed in by hand. Find it and replace it with the formula it should be.
A4: Food | B4: Servings | C4: Calories/serving | D4: Calories | E4: Protein/serving | F4: Protein | H4: How to hunt: change a serving in column B to 2. Every real formula answers. One cell will not budge — that is the hard-coded one.
A5: Egg, large | B5: 1 | C5: =IFERROR(VLOOKUP($A5,'Food Table'!$A$2:$F$20,3,FALSE),"") | D5: =$B5*C5 | E5: =IFERROR(VLOOKUP($A5,'Food Table'!$A$2:$F$20,4,FALSE),"") | F5: =$B5*E5
A6: White rice, cooked | B6: 1 | C6: 205 | D6: =$B6*C6 | E6: =IFERROR(VLOOKUP($A6,'Food Table'!$A$2:$F$20,4,FALSE),"") | F6: =$B6*E6 | H6: SPOILER — answer (fold this column away): the hard-coded cell is C6 (White rice, cooked — Calories/serving). It should contain =IFERROR(VLOOKUP($A6,'Food Table'!$A$2:$F$20,3,FALSE),"").
A7: Chicken breast, grilled | B7: 1 | C7: =IFERROR(VLOOKUP($A7,'Food Table'!$A$2:$F$20,3,FALSE),"") | D7: =$B7*C7 | E7: =IFERROR(VLOOKUP($A7,'Food Table'!$A$2:$F$20,4,FALSE),"") | F7: =$B7*E7
A8: Black beans, cooked | B8: 1 | C8: =IFERROR(VLOOKUP($A8,'Food Table'!$A$2:$F$20,3,FALSE),"") | D8: =$B8*C8 | E8: =IFERROR(VLOOKUP($A8,'Food Table'!$A$2:$F$20,4,FALSE),"") | F8: =$B8*E8
A9: Ropa vieja (shredded beef) | B9: 1 | C9: =IFERROR(VLOOKUP($A9,'Food Table'!$A$2:$F$20,3,FALSE),"") | D9: =$B9*C9 | E9: =IFERROR(VLOOKUP($A9,'Food Table'!$A$2:$F$20,4,FALSE),"") | F9: =$B9*E9
A10: Banana | B10: 1 | C10: =IFERROR(VLOOKUP($A10,'Food Table'!$A$2:$F$20,3,FALSE),"") | D10: =$B10*C10 | E10: =IFERROR(VLOOKUP($A10,'Food Table'!$A$2:$F$20,4,FALSE),"") | F10: =$B10*E10
A11: TOTAL | D11: =SUM(D5:D10) | F11: =SUM(F5:F10)
